"Fund Name","P1","P2","P3","P4","P5","Topsis Score","Rank"
"M1","0.85","0.72","6.1","35.7","10.84","0.47450863717994474","4.0"
"M2","0.64","0.41","3.8","52.6","14.36","0.32976372902015","8.0"
"M3","0.73","0.53","5.2","36.5","10.74","0.36506882796028517","7.0"
"M4","0.62","0.38","3.9","57.6","15.63","0.3767525098370815","6.0"
"M5","0.66","0.44","5.8","66.9","18.45","0.5393985263193963","3.0"
"M6","0.87","0.76","6.6","48.8","14.26","0.6192142541876102","1.0"
"M7","0.92","0.85","3.6","42.0","11.84","0.47298081129144637","5.0"
"M8","0.78","0.61","6.9","53.5","15.45","0.5962056442433235","2.0"
